Game Title,Designer,Publisher,Free or Paid,Price,Number of Players,Playtime,Age Range,Theme,Main Mechanism,Secondary Mechanism,Gameplay Complexity,Gameplay Mode,Game Category,PnP Crafting Challenge Level,One-Sentence Short Description,Long Description,Download Link,Secondary Download Link,Print Components,Other Components,Languages,Release Year,Game Image,Curated Lists,Report Dead Link
,,,,,,,,,,,,,,,,,,,,,,,,,
,,,,,,,,,,,,,,,,,,,,,,,,,
,,,,,,,,,,,,,,,,,,,,,,,,,
,,,,,,,,,,,,,,,,,,,,,,,,,
,,,,,,,,,,,,,,,,,,,,,,,,,
,,,,,,,,,,,,,,,,,,,,,,,,,
,,,,,,,,,,,,,,,,,,,,,,,,,
,,,,,,,,,,,,,,,,,,,,,,,,,
,,,,,,,,,,,,,,,,,,,,,,,,,
